{
    "name": "class-type",
    "roles": [
        "class-type"
    ],
    "lookups": [
        "free-text",
        "keywords"
    ],
    "keywords": [
        {
            "keyword": "lab",
            "synonyms": [
                "lab",
                "laboratories",
                "laboratory",
                "labs"
            ]
        },
        {
            "keyword": "lecture",
            "synonyms": [
                "lecture",
                "lectures"
            ]
        },
        {
            "keyword": "seminar",
            "synonyms": [
                "seminar",
                "seminars"
            ]
        },
        {
            "keyword": "tutorial",
            "synonyms": [
                "tutorial",
                "tutorials"
            ]
        }
    ]
}
